Scenario,Tariff,Import_Value_B,Change_vs_Baseline_%,Tariff_Revenue_B,Economic_Score,Security_Score,Policy_Score
Baseline (2.5%),2.5,0.3146769300823098,0.0,0.007866923252057746,0.007866923252057746,0.0,0.004720153951234647
Low (5%),5.0,0.3108490410153418,-1.2164504928806716,0.015542452050767088,0.013628507517283077,0.0,0.008177104510369846
Medium (10%),10.0,0.30372934665471096,-3.4789914293161828,0.030372934665471096,0.024899142951671678,0.0,0.014939485771003007
High (20%),20.0,0.29131625858612537,-7.423700075526344,0.05826325171722507,0.046582915969132874,0.0,0.027949749581479725
Actual (20.11%),20.11,0.2911915212969805,-7.463339870255574,0.05855861493282278,0.046815910540158136,0.0,0.02808954632409488
Severe (35%),35.0,0.2762313753024126,-12.217468490569372,0.0966809813558444,0.07745820396589578,0.0,0.046474922379537466
