Scenario,tariff_rate,gbdt_prediction,dynamic_prediction,ensemble_prediction
Baseline (2.5%),0.025,324727769.3452016,304626090.81941795,314676930.0823098
Low (5%),0.05,324727769.3452016,296970312.68548185,310849041.01534176
Medium (10%),0.1,324727769.3452016,282730923.9642203,303729346.65471095
High (20%),0.2,324727769.3452016,257904747.8270491,291316258.5861254
Actual (20.11%),0.2011,324727769.3452016,257655273.24875933,291191521.2969805
Severe (35%),0.35,324727769.3452016,227734981.2596235,276231375.30241257
