Model,R2,RMSE,MAPE,Tariff_Elasticity
Gravity,-0.024726730685573628,10345.11994058861,8.156492160350865,0.05309186014208009
Dynamic Panel,-3.7038651344414957,23580.912953052673,16.202005752177318,0.008686366085777858
GBDT,0.8661227488282863,3720.6276635412046,2.8409999441190683,
Ensemble,,,2.6449690233133483,
PPML Gravity,,,11.448331360037473,0.021886310558729565
DID,,,,-0.04962872784134362
