Year,Months_Since_Policy,Policy_Tariff_Rate,Import_Value_B,Tariff_Revenue_B,Baseline_Revenue_B,Net_Change_B,Net_Change_Pct
2025,12,0.5,64.3313993975081,32.16569969875405,15.022195914802,17.143503783952042,114.12115699449659
2026,24,0.5,37.71649283645145,18.858246418225725,15.022195914802,3.836050503423727,25.535883869307717
2027,36,0.5,37.71649283645145,18.858246418225725,15.022195914802,3.836050503423727,25.535883869307717
2028,48,0.5,37.71649283645145,18.858246418225725,15.022195914802,3.836050503423727,25.535883869307717
