,Elasticity,Tariff_Revenue_B,Revenue_Change_B,Revenue_Change_Pct
Mild Reaction (Elasticity=-0.02),-0.02,44.90373045974337,29.881534544941367,198.91588895800405
Baseline Reaction (Elasticity=-0.05),-0.7964644237301177,18.858246418225725,3.836050503423727,25.535883869307717
Strong Reaction (Elasticity=-0.10),-0.1,41.06409363657765,26.04189772177565,173.3561316166532
Extreme Reaction (Elasticity=-0.20),-0.2,36.72290385402489,21.70070793922289,144.45762831411534
