Year,Trade_Value,Tariff_Revenue,Tariff_Rate,Effective_Tariff_Rate
2020,70864266877,11929397805.427,0.13687916196388264,0.16834151161308147
2021,104066299883,18677948776.171,0.13687916196388264,0.17948124221933812
2022,129302192022,22954772584.641,0.13687916196388264,0.1775281008440706
2023,87960819110,14053515012.146,0.13687916196388264,0.15977016988178885
2024,91836952377,15022195914.802,0.13687916196388264,0.16357463445797246
