,Tariff_Rate,Import_Value_B,Tariff_Revenue_B,Revenue_Change_B,Revenue_Change_Pct,Trade_Change_Pct
Short-term (3 months),0.5,84.01732441642405,42.00866220821202,26.986466293410018,179.6439511670802,-8.899172734150246
Medium-term (12 months),0.5,64.3313993975081,32.16569969875405,17.143503783952042,114.12115699449659,-35.596690936600986
Long-term (24 months),0.5,37.71649283645145,18.858246418225725,3.836050503423727,25.535883869307717,-88.99172734150245
